Row Labels,Count of item_description_raw
ROADWORK_PAVING,454
PAVING_EARTHWORK,454
Asphalt Pavement Removal (Item P-101),35
Reflective Media (Item P-620),26
Cold Milling (Item P-101),15
Marking (Item P-620),14
Crushed Aggregate Base Course (Item P-209),13
Emulsified Asphalt Tack Coat (Item P-603),13
Joint Sealing Filler (Item P-605),13
Asphalt Surface Course (Item P-401),12
PCC Pavement Removal (Item P-101),11
Unclassified Excavation (Item P-152),10
Adhesive Compound (Item P-606),9
Temporary Runway and Taxiway Marking (Item P-620),9
Concrete (Item P-610),8
Aggregate Base Course,7
Removal of Pipe and Other Buried Structures (Item P-101),7
Surface Preparation - Remove Existing Markings (Item P-620),7
Unsuitable Excavation (Item P-152),7
Asphalt Surface Treatment (Item P-608),6
Subbase Course (Item P-154),6
Thick Concrete Pavement (Item P-501),6
Bituminous Tack Coat (Item P-603),5
Common Excavation,5
Markings (Item P-620),5
Surface Prep - Existing Pavement (Item P-620),5
Asphalt Mixture Base Course (Item P-403),4
Compression Joint Seals for Concrete Pavements (Item P-604),4
Contaminated Soil Excavation and Disposal,4
Controlled Low - Strength Material (CLSM) (Item P-153),4
Controlled Low - Strength Material (Item P-153),4
Existing Subgrade Stabilzation (Item P-152),4
Joint and Crack Repair (Item P-101),4
Level 3,4
Pavement Removal,4
Phasing Pavement Marking (Item P-620),4
Steel Reinforcement (Item P-610),4
Surface Prep - Marking Removal (Item P-620),4
Trench Stabilization,4
Geotextile,3
Geotextile (Item P-152),3
Pavement Marking,3
Preformed Markings (Item P-620),3
Separation Geotextile (Item P-154),3
Silt Fence (Item P-156),3
Structural Portland Cement Concrete (PCC) (Item P-610),3
Surface Preparation (Item P-620),3
Unsuitable Excavation and Disposal,3
Asphalt Mixture Surface and Base (Item P-403),2
Bituminous Prime Coat (Item P-602),2
Bituminous Surface Course (Item P-401),2
Cold Milling 3-Inch Depth (Item P-101),2
Cold Plane Pavement Removal,2
Grooving (Item P-621),2
Hot Mix Asphalt (HMA) Pavement Base Course (Item P-403),2
Pavement Markings,2
Permanent Pavement Marking (Item P-620),2
Runway Marking (Item P-620),2
Runway and Taxiway Marking (Item P-620),2
Separation Geotextile (Item P-152),2
Separation Geotextile (Item P-209),2
Structural Portland Cement Concrete (Item P-610),2
Subgrade Stabilzation (Item P-152),2
Surface Preparation - New Pavement Surfaces (Item P-620),2
Surface Preparation - New or Existing Pavement Surfaces (Item P-620),2
SurfacePreparation (Item P-620),2
Temporary Pavement Marking (Item P-620),2
AdhesiveCompound (Item P-606),1
Asphalt Concrerte Surface Course,1
Asphalt Concrete Surface Course (Section 320117),1
Asphalt Grinding Removal and Disposal,1
Asphalt Mixture Base and Surface Course (Item P-403),1
Asphalt Mixture Baseand Surface Course (Item P-403),1
Asphalt Mixture Surface Course (Item P-403),1
Asphalt Pavement Removal (Section 320117),1
Asphalt Pavement Removal - 2.5-InchDepth (Item P-101),1
Asphalt Sawcut,1
Blackout and Temporary Pavement Marking,1
Borrow Excavation (P-152),1
Cast - In-Place Concrete Curb,1
Cast-in-Place Concrete Curb (Section 321613),1
Cold Milling Surface Preparation (Item P-101),1
Cold Milling Variable to 10-Inch Depth (Item P-101),1
Cold Millling (Item P-101),1
Cold Plane Pavement Removal and Disposal,1
ColdMilling - 0.5InchDepth (Item P-101),1
ColdMilling - VariableDepth(Transitional) (Item P-101),1
Compression Joint Sealant (Item P-604),1
Compression Joint Seals for Concrete Pavement (Item P-604),1
Concrete Curb,1
Concrete Curb Removal,1
Concrete Pavement (Item P-501),1
Concrete Sidewalk,1
Concrete Utility Hub Pavement (Section 321613),1
Concrete to Asphalt Joint Seal (Item P-605),1
Concrete to Concrete Joint Seal (Item P-605),1
Contaminated Soil Excavation and Placement,1
Contaminated Soil Sediment Excavation and Disposal,1
ControlledLow - StrengthMaterial(CLSM) (Item P-153),1
Crack Repair (Section 320118),1
Curb Removal,1
EmbankmentinPlace (Item P-152),1
Emulsified Asphalt Prime Coat (Item P-602),1
Full - Depth Asphalt Pavement Removal (Item P-101),1
Geotextile Fabric,1
HMA Base Course (Item P-403),1
Hot Mix Asphalt (HMA) Base Course (Item P-403),1
Hot Mix Asphalt (HMA) Bituminous Surface Course (Item P-401),1
Hot Mix Asphalt (HMA) Pavement (Item P-401),1
Installation and Removal of Silt Fence (Item P-156),1
Joint Repair,1
Joint Sealant (Item P-605),1
Lean Concrete Base Course (Item P-306),1
MechanicalStabilization (Item P-152),1
Modified Concrete Curb and Gutter,1
Monolithic Curb and Sidewalk,1
Pavement Marking (Item P-620),1
"Pavement Marking, Painted",1
"Pavement Marking, Temporary",1
"Pavement Marking, Thermoplastic",1
Pavement Markings (Item P-620),1
Pavement Removal (Item P-101),1
Pavement Removal and Disposal,1
Portland Cement Concrete (PCC) Pavement (Item P-501),1
Portland Cement Concrete Pavement,1
Portland Cement Concrete Pavement (Item P-501),1
ReflectiveMedia (Item P-620),1
Removalof Pipeand Other Buried Structures (Item P-101),1
Runway Friction Testing (Item P-608),1
Runway and High Speed Exit Taxiway Friction Testing (Item P-608),1
Saw - Cut Grooving (Item P-621),1
SeparationGeotextile (Item P-209),1
Sidewalk,1
Slurry Seal (Item P-626),1
Standard 8-Inch Concrete Curb,1
SubbaseCourse (Item P-154),1
Surface Preparation - Existing Pavement Surface (Item P-620),1
Surface Preparation - Marking Removal (Item P-620),1
Surface Preparation - Remarking (Item P-620),1
Surface Preparation - Remove Existing Marking (Item P-620),1
Temporary Marking (Item P-620),1
Temporary Pavement Markings (Item P-620),1
Temporary Runway and Taxiway Makrings (Item P-620),1
Temporary Runwayand Taxiway Marking (Item P-620),1
Trench Excavation,1
Trench Excavation and General Native Backfill,1
Trench Excavation and Select Backfill,1
Trench Excavation and Select Native Backfill,1
Unclassified Excavation (P-152),1
UnsuitableExcavation (Item P-152),1
GENERAL_TEMPORARY,225
TEMP_TRAFFIC_MOBILIZATION,225
Sweeper (Section 012200),19
Escort (Section 012200),17
Inlet Protection (Section 015713),14
Mobilization (Item C-105),13
Security Control Monitoring (Section 012200),13
Work Zone and Traffic Control (Section 012200),11
"Mobilization, Surveying, Cleanup, and Demobilization",8
Jet Blast Control Material (Section 015713),6
"Mobilization, Cleanup, and Demobilization (Section 012200)",6
Construction Survey (Item GP-50),5
"Mobilization, Surveying, Cleanup, and Demobilization (Section 012200)",5
STS (Section 012200),5
Sweeper,5
Traffic Control (Section 012200),5
Ditch Protection/Check Dams (Section 015713),4
Extra Manhole Depth (Section 012200),3
Manhole (Section 012200),3
PCC Spall Panel Repair (Section 012200),3
Trench Drain Protection (Section 015713),3
Work Zone Traffic Control,3
Construction Access (Section 015713),2
Construction Survey,2
Construction Survey (Section 012200),2
"Mobilization, Cleanup, and Demobilization",2
PCC Crack Repair (Section 012200),2
Sediment Fence (Section 015713),2
Traffic Control,2
Wattles (Section 015713),2
Abandon Existing Monitoring Well (Section 012200),1
Abandon Existing Structure (Section 012200),1
Abandon and Plug Storm Pipe (Section 012200),1
Aggregate Base Course (Section 012200),1
Asphalt Concrete Pavement (Section 012200),1
B6 Electrical (Section 012200),1
B6 Replacement of Existing Lids and Hatches (Section 012200),1
B6 Temporary Airfield Lighting Circuit Connection (Section 012200),1
B6 Valve Vault (SSVLT 1202) Concrete Repair (Section 012200),1
B6 Valve Vault (SSVLT 1202) Mechanical Rehabilitation (Section 012200),1
B6 Wet Well (SSLS 950) Concrete Repair (Section 012200),1
B6 Wet Well (SSLS 950) Mechanical Rehabilitation (Section 012200),1
Catch Basins/Inlets (Section 012200),1
Clearing and Grubbing (Section 012200),1
Connection to Existing Drainage Structure (Section 012200),1
ConstructionEntrance (Section 015713),1
Contaminated Soil Handling and Management (Section 012200),1
Contaminated Soil Removal and Haul (Section 012200),1
D9 Electrical (Section 012200),1
D9 Replacement of Existing Lids and Hatches (Section 012200),1
D9 Valve Vault (STSVLT 863) Concrete Repair (Section 012200),1
D9 Valve Vault (STSVLT 863) Mechanical Rehabilitation (Section 012200),1
D9 Wet Well (SSLS 953) Concrete Repair (Section 012200),1
D9 Wet Well (SSLS 953) Mechanical Rehabilitation (Section 012200),1
Delineators (Section 012200),1
Dewatering (Section 012200),1
"Embankment, Ditch (Section 012200)",1
Erosion and Sediment Control (Section 012200),1
Escort,1
"Fill Material, Topsoil (Section 012200)",1
General Demolition (Section 012200),1
HighBlueReflectiveMarkers (Section 012200),1
Inlet Protection (Item C-102),1
InletProtection (Section 015713),1
Installation and Removal of Silt Fence (Item C-102),1
Installationand Removalof Silt Fence (Item C-102),1
JuteMatting (Section 015713),1
Pavement Removal and Disposal (Section 012200),1
Plastic Mesh Fence (Section 015713),1
Portland Cement Concrete Pavement (Section 012200),1
Project Traffic Control,1
"Removal, Haul, and Disposal of Demolition Debris (Section 012200)",1
Repair Existing ARFF Cap (Section 012200),1
Security Control Monitoring,1
Seeding (Section 012200),1
SettlementPlates (Section 012200),1
Site Preparation (Section 012200),1
Sweeper Section,1
Temporary Erosion and Sediment Control Measures (Section 012200),1
Temporary Sewage Bypassing (Section 012200),1
Temporary Stream Bypass (Section 012200),1
Temporary Traffic Control,1
Trench Protection (Section 015713),1
Trench Stabilization (Section 012200),1
Unsuitable Excavation and Disposal (Section 012200),1
"Wildlife Access Road, Asphalt Grindings (Section 012200)",1
Work Zone Traffic Control (Section 012200),1
Work Zoneand Traffic Control (Section 012200),1
ELECTRICAL,311
AIRFIELD_LIGHTING,171
Counterpoise Ground Rod (Item L-108),6
Adjust Existing Taxiway Centerline Light to New Finish Elevation (Section 344301),5
"No. 8 AWG, 5kV, L-824, Type C Cable, Installed in Trench, Duct Bank or Conduit (Item L-108)",4
PVC Conduit (Power),4
Ground Rod for Counterpoise (Item L-108),3
Install Elevated Taxiway Edge Light on Existing Base Can with PF Transformer (Section 344300),3
No. 6 AWG Solid Wire for Counterpoise (Item L-108),3
"No. 6 AWG, Solid, Bare Counterpoise Wire (Item L-108)",3
Adjust Existing Base Can to New Finish Elevation (Section 344301),2
Adjust Existing In-Pavement Runway Edge Light (Section 344301),2
GRSC (Item L-110),2
GRSC Encased in P-610 in Existing AC (Item L-110),2
Heat Shrink for 5kV L-823 Primary Connector (Item L-108),2
IMC in Existing AC (Item L-110),2
Install PF Cover Plate on Existing Light Base (Section 344300),2
Install PF LED Taxiway Centerline Light on Existing Base Can with CF Isolation Transformer (Section 344300),2
"Install PF LED Taxiway Centerline Light with PF Base Can, CF Transformer in New AC (Section 344300)",2
"Install Taxiway Centerline Light on PF Base Can, PF Extension, PF Flange Ring and CF Transformer (Section 344300)",2
"Install Taxiway Edge Light on PF Base Can, PF Extension, PF Flange Ring and CF Transformer (Section 344300)",2
"No. 6 AWG, Solid, Bare Counterpoise Wire, Installed in Trench, Above the Duct Bank or Conduit, Including Connections/Terminations (Item L-108)",2
No. 8 AWG 5kV Cable (Item L-108),2
"No. 8 AWG, 5 kV, L-824, Type C Cable Installed in Trench, Duct Bank or Conduit (Item L-108)",2
PVC Direct Buried (Item L-110),2
PVC Direct Buried in Grass (Item L-110),2
PVC Encased in Concrete in New Structural AC (Item L-110),2
PVC Encased in P-610 in Existing AC (Item L-110),2
PVC in Existing AC (Item L-110),2
PVC in Existing Structural AC (Item L-110),2
"#6 AWG, 5kV Cable (Item L-108)",1
1 1/2-Inch GRSC (Item L-110),1
Adjust Existing Elevated Runway Threshold Light (Section 344301),1
Adjust Existing Elevated Runway Threshold/Edge Light (Section 344301),1
Adjust Existing In-Pavement Runway Guard/Stop Bar Light to New Finish Elevation (Section 344301),1
Adjust Existing In-Pavement Stop Bar Light (Section 344301),1
Adjust Existing Runway Edge Light to New Finish Elevation (Section 344301),1
Adjust Existing Runway/Taxiway Elevated Edge Lightwith CFTransformer (Section 344301),1
Adjust Existing Taxiway Centerline Light (Section 344301),1
Adjust Existing Taxiway Edge Light to New Finish Elevation (Section 344301),1
"Demarcation Panel with Receptacles, Heater, and T-Stat",1
Fender Panel Rehabilitation,1
Ground Rodfor Counterpoise (Item L-108),1
Hollow Core Deck Panel Replacement,1
IMC under New AC Shoulder (Item L-110),1
InchPVCinGrassorinNewACshoulder (Item L-110),1
InchPVCinNewACStructuralPavement (Item L-110),1
Install CF 150-Watt (Section 344300),1
Install Elevated Red Stop Bar Light on Existing Base Can with CF Transformer (Section 344300),1
Install Elevated Red Stop Bar Light on Existing Base Can with PF Transformer (Section 344300),1
"Install Elevated Red Stop Bar Light on PF Base Can, PF Extension, PF Flange Ring, and CF Transformer (Section 344300)",1
Install Elevated Runway Guard Light on Existing Base Can with CF Transformer (Section 344300),1
Install Elevated Runway Guard Light on Existing Base Can with PF Transformer (Section 344300),1
"Install Elevated Runway Guard Light on PF Base Can, PF Extension, PF Flange Ring, and CF Transformer (Section 344300)",1
Install In-Pavement Runway Guard Light on Existing Base Can with CF Transformer (Section 344300),1
Install In-Pavement Runway Guard/Stop Bar Light on Existing Base Can with CF Transformer (Section 344300),1
"Install In-Pavement Runway Guard/Stop Bar Light on PF Base Can, PF Extension, PF Flange Ring and CF Transformer (Section 344300)",1
"Install PF Base Can, PF Extension, PF Flange Ring and PF Cover Plate (Section 344300)",1
Install PF Cover Plate on Existing Base Can (Section 344300),1
Install PF Cover Plate on Existing Base Can with PF Bolts (Section 344300),1
Install PF Dual Stop Bar Light on Existing Light Base (Section 344300),1
Install PF Dual Stop Bar Light with PF Remote and CF Transformer on Existing Light Base (Section 344300),1
Install PF Dual Stop Bar Light with Two CF Transformers on Existing Light Base (Section 344300),1
Install PF Elevated Runway Edge Light with CF Transformer on Existing Light Base (Section 344300),1
Install PF Elevated Runway End Light with CF Transformer on Existing Light Base (Section 344300),1
Install PF Elevated Runway Guard Light with CF Transformer on Existing Light Base (Section 344300),1
"Install PF Elevated Taxiway Edge Light on PF Base Can, PF Extension, PF Flange Ring and CF Transformer in Existing AC (Section 344300)",1
Install PF Elevated Taxiway Edge Light with CF Transformer on Existing Light Base (Section 344300),1
Install PF In-Pavement Red Stop Bar Light with PF Remote and CF Transformer on Existing Light Base (Section 344300),1
Install PF In-Pavement Runway Edge Light with CF Transformer on Existing Light Base (Section 344300),1
Install PF In-Pavement Runway Guard Light on Existing Light Base (Section 344300),1
Install PF In-Pavement Runway Guard Light with CF Transformer on Existing Light Base (Section 344300),1
Install PF In-Pavement Runway Threshold Light with CF Transformer on Existing Light Base (Section 344300),1
"Install PF In-Pavement Taxiway Edge Light on PF Base Can, PF Extension, PF Flange Ring, and CF Transformer (Section 344300)",1
"Install PF In-Pavement Taxiway Edge Light on PF Base Can, PF Extension, PF Flange Ring, and CF Transformer in New AC (Section 344300)",1
"Install PF L-867, 12-Inch Diameter Base Can, PF Cover Plate in Existing AC (Section 344300)",1
"Install PF L-868, 12-Inch Diameter Base Can, PF Cover Plate in New AC (Section 344300)",1
Install PF LED Elevated Runway Edge Light on Existing Base Can with PF Transformer (Section 344300),1
Install PF LED Elevated Runway End/Threshold Light on Existing Base Can with PF Transformer (Section 344300),1
Install PF LED In-Pavement Runway Edge Light on Existing Base Can with PF Transformer (Section 344300),1
Install PF Microwave Sensor with CF Transformer in Existing Base Can (Section 344300),1
Install PF Red Elevated Stop Bar Light with CF Transformer on Existing Light Base (Section 344300),1
Install PF Red Elevated Stop Bar Light with PF Remote and CF Transformer on Existing Light Base (Section 344300),1
Install PF Runway Centerline Light with CF Transformer on Existing Light Base (Section 344300),1
Install PF Taxiway Centerline Light on Existing Light Base (Section 344300),1
Install PF Taxiway Centerline Light with CF Transformer on Existing Light Base (Section 344300),1
Install PF Taxiway Centerline Light with PF Remote and CF Transformer on Existing Light Base (Section 344300),1
Install PF Taxiway Edge Reflector (Section 344300),1
Install PFElevated Taxiway Edge Lighton Existing Base Canwith CFTransformer (Section 344300),1
Install PFLEDElevated Runway End/Threshold Lightwith PFBase Can (Section 344300),1
Install PFLEDElevated Runway Guard Lightwith PFBase Can (Section 344300),1
Install PFLEDRunway Edge Lightwith PFBase Can (Section 344300),1
Install PFTaxiway Edge Lightwith PFBase Can (Section 344300),1
InstallPF (Section 344300),1
Joint Repair at Panel Step,1
Lighting,1
"No. 10 AWG, 600V, Cable Installed in Conduit (Item L-108)",1
"No. 12 AWG, 600V, Cable, Installed in Conduit (Item L-108)",1
No. 2/0 AWG (Item L-108),1
No. 4 GND Conductor (Item L-108),1
"No. 6 AWG, Solid, Bare Copper Counterpoise Wire, Installed above the Duct Bank or Conduit, Including Connections/Terminations (Item L-108)",1
"No. 8 AWG, 5kV, L-824, Type C Cable (Item L-108)",1
"No.6AWG,Solid,Bare Counterpoise Wire,Installed Abovethe Duct Bankor Conduit (Item L-108)",1
"No.8AWG,5k V,L-824,Type CCable Installedin Trench,Duct Bank (Item L-108)",1
PVC (Item L-110),1
PVC Conduit (Comm),1
PVC Direct Buried in Grass or under New AC Shoulder (Item L-110),1
PVC Encased in CLSM in New AC (Item L-110),1
PVC in CLSM (Item L-110),1
PVC in Existing ACP Shoulder (Item L-110),1
PVC in New Shoulder and Direct Buried (Item L-110),1
PVC under New AC Shoulder (Item L-110),1
"Reinstall Elevated LED Taxiway Edge Light on PF Base Can, PF Extension, PF Flange Ring, and CF Transformer (Section 344300)",1
Reinstall Elevated Runway End Light on Existing Base Can with PF Transformer (Section 344300),1
Reinstall Elevated Taxiway Edge Light on Existing Base Can with PF Transformer (Section 344300),1
"Reinstall Elevated Taxiway Edge Light w/ PF Base Can, PF Extension, PF Flange Ring, and CF Transformer in Existing AC (Section 344300)",1
"Reinstall Elevated Taxiway Edge Light w/ PF Base Can, PF Extension, PF Flange Ring, and CF Transformer in New AC (Section 344300)",1
Reinstall In-Pavement Stop Bar Light on Existing Base Can with Existing Transformer (Section 344300),1
Reinstall In-Pavement Taxiway Centerline Light on Existing Base Can with Existing Transformer (Section 344300),1
Reinstall In-Pavement Taxiway Edge Light on Existing Base Can with PF Transformer (Section 344300),1
"Reinstall LED Taxiway Centerline Light on PF Base Can, PF Extension, PF Flange Ring, and CF Transformer (Section 344300)",1
"Reinstall LED Taxiway Centerline Light w/ PF Base Can, PF Extension, PF Flange Ring, and CF Transformer in New AC (Section 344300)",1
"Reinstall Taxiway Centerline Light on CF Base Can, CF Extenstion, CF Flange Ring, and CF Transformer (Section 344300)",1
Reinstall Taxiway Centerline Light on Existing Base Can w/ Existing Transformer in Existing AC (Section 344300),1
"Reinstall Taxiway Centerline Light on Existing Base Can w/ PF Extension, PF Flange Ring, and Existing Transformer in New AC (Section 344300)",1
Reinstall Taxiway Centerline Light on Existing Base Can with CF Transformer (Section 344300),1
Reinstall Taxiway Centerline Light on Existing Base Can with PF Transformer (Section 344300),1
"Reinstall Taxiway Centerline Light on PF Base Can, PF Extension, PF Flange Ring, and PF Transformer (Section 344300)",1
Reinstall Taxiway Edge Light on Existing Base Can with Existing Isolation Transformer (Section 344300),1
Reinstall Taxiway Edge Light on Existing Base Can with Existing Transformer (Section 344300),1
POWER_DISTRIBUTION,66
General Electrical Removal (Section 260500),12
Temporary Circuit Connection (Section 260500),11
"Electrical Feeds to Enclosed Circuit Breakers (2.5"" Conduit) (Section 260500)",5
"Electrical Feeds to Enclosed Circuit Breakers (3/4"" Conduit) (Section 260500)",5
Diameter Brass Marker (Section 260553),4
Electrical Equipment Rack - Panel Connected (Section 260500),3
Demolition of Existing Electrical Equipment on Work Site (Section 260500),2
Electrical Equipment Rack - Load Share Connected (Section 260500),2
"Electrical Feeds to Panels (Existing 3.5"" Conduit) (Section 260500)",2
New Electrical Panels (Section 260500),2
FAAMALSRand Threshold Bar Lights (Section 260500),1
General Electrical Removal (Section 265000),1
Ground Rod for Counterpoise (Section 260526),1
Grounding and Bonding for Electrical Systems (Section 260526),1
Install Apron Lighting (Section 265623),1
Install Gate Valve and Lighting Controls (Section 260500),1
Install Handholes for Power (Section 260500),1
Install Handholes for Power and Communications (Section 260500),1
Install PFConstant Current Regulator (Section 260500),1
Install Underground Power Conductors for Apron Lights and Communications (Section 260500),1
Provide Temporary Power During Construction Inside the 480V Power Center (Section 260500),1
Re-feed Loads Inside 480V Power Center (Section 260500),1
Remove and Replace Existing 480V Distribution Panel (Section 262400),1
Remove and Replace Existing 9KVA Transformer (Section 262200),1
Temporary Circuit Connection (Section 265000),1
Temporary Threshold Set Upand Circuit Connection (Section 260500),1
Training (Section 260500),1
Underground Ducts and Raceways for Electrical Systems (Section 260543),1
AIRFIELD_SIGNAGE,46
Signage,3
Sign E6-6 (Section 344302),2
Sign E6-9 (Section 344302),2
Sign G-3 (Section 344302),2
Sign (Section 344302),1
Sign A1-1 (Section 344302),1
Sign A4-13 (Section 344302),1
Sign A4-6 (Section 344302),1
Sign A4-7 (Section 344302),1
Sign A4-9 (Section 344302),1
Sign A5-1 (Section 344302),1
Sign A5-3 (Section 344302),1
Sign A5-4 (Section 344302),1
Sign A5-6 (Section 344302),1
Sign A5-7 (Section 344302),1
Sign A5-8 (Section 344302),1
Sign A5-9 (Section 344302),1
Sign A6-10 (Section 344302),1
Sign A6-11 (Section 344302),1
Sign A6-12 (Section 344302),1
Sign A6-2 (Section 344302),1
Sign A6-3 (Section 344302),1
Sign A6-7 (Section 344302),1
Sign A6-9 (Section 344302),1
Sign A7-2 (Section 344302),1
Sign A8-1 (Section 344302),1
Sign A8-2 (Section 344302),1
Sign B1-1 (Section 344302),1
Sign B6-11 (Section 344302),1
Sign B7-1 (Section 344302),1
Sign B8-1 (Section 344302),1
Sign CE-10 (Section 344302),1
Sign EA-15 (Section 344302),1
Sign T-5 (Section 344302),1
Sign UL-1 Section 344302),1
Sign UL-2 (Section 344302),1
Sign V-2 (Section 344302),1
Sign V-4 (Section 344302),1
Sign V-5 (Section 344302),1
Sign V-6 (Section 344302),1
SignA (Section 344302),1
TELECOM_IT,18
Data Drop to Each Enclosure and Chargers (Section 271000),5
"Data Equipment Rack & Data Connections 1"" Conduit (Section 271000)",5
Network Termination Enclosure (Section 271000),5
Structured Cabling (Section 271000),1
Telecommunications Identification (Section 270553),1
Video Surveillance (Section 282300),1
EV_CHARGING,10
Electrical Charging Units (Primary Units) (Section 263343),5
Electrical Charging Units (Secondary Units) (Section 263343),5
PIPING_DRAINAGE,197
DRAINAGE_STRUCTURES,138
STS (Item D-701),17
STS Pipe (Item D-701),15
Catch Basins (Item D-751),7
Connection to Existing Storm Drainage System (Section 312300),7
Existing Manhole Adjustment to Grade (Section 312300),7
"Manhole, Type A (Item D-751)",5
"Manhole, Type B (Item D-751)",5
Manholes (Item D-751),5
"Diameter Manhole, Type A (Item D-751)",4
Existing Electrical Vault Adjustment to Grade (Section 312300),4
Manhole (Item D-751),4
RCP Pipe (Item D-701),4
Existing Manhole/Inlet Adjustment to Grade (Section 312300),3
"Removal of Existing Storm Pipe, Manholes, and Inlets (Section 312300)",3
Slide Gate (Item D-701),3
Storm Sewer Pipe (Item D-701),3
Catch Basin (Item D-751),2
Connect to Existing Catch Basin/Manhole (Item D-751),2
Diameter Manhole (Item D-751),2
Existing Catch Basin Adjustment to Grade (Section 312300),2
STS Drain Pipe (Item D-701),2
Trench Drain (Item D-751),2
Underdrain Cleanout (Item D-751),2
12-inchSTS (Item D-701),1
14-inch Class50Ductile Iron Pipe Culvert (Item D-701),1
18-inch Class50Ductile Iron Pipe Culvert (Item D-701),1
24-inchSTS (Item D-701),1
6-inchSTS (Item D-701),1
Adjustment of Existing Structures (229 Kip Rated Vaults) (Section 312300),1
Adjustment of Existing Structures (H-20 Rated Vaults) (Section 312300),1
CatchBasins (Item D-751),1
Culvert (Item D-701),1
Existing Electrical Vault (H-20 Rated) Extension to Finish Grade (Section 312300),1
Existing Manhole Adjustment (Section 312300),1
InchPipeUnderdrains (Item D-705),1
Manhole Catch Basin (Item D-751),1
"Manhole, Ditch Inlet (Item D-751)",1
Modifications to Existing Pump Station A and Deicing Valve Vault (Section 312300),1
Non - Perforated Pipe (Item D-705),1
Non - Perforated Underdrain Pipe (Item D-705),1
Perforated Pipe (Item D-705),1
Perforated Pipe Underdrains (Item D-705),1
Perforated Storm Sewer Pipe (Item D-705),1
Perforated Underdrain Pipe (Item D-705),1
ReinforcingSteel (Item D-752),1
Remove Existing Manhole Flat Top and Upgrade to Aircraft Rated Structure (Section 312300),1
Replace Existing Manhole Lid with Open Grated Lid (Section 312300),1
Rotate Existing Manhole Lid (Section 312300),1
Sanitary Sewer Wet Well Removal (Section 312300),1
StructuralConcrete (Item D-752),1
Unclassified Excavationfor Structures (Item D-752),1
PIPING_UTILITY,59
Gate Valve,6
Manhole,5
Storm Sewer Pipe,4
DIP Water Pipe,3
Water Pipe,3
DIP (Force Main) (Section 334100),2
Ductile Iron (Force Main) Pipe (Section 334100),2
Riprap (Section 334100),2
Air Release Valve Assembly,1
Bedding and Pipe Zone Material,1
Butterfly Valve,1
Catch Basin,1
CleanoutStructures (Section 330516),1
Columbia Slough Outfall Structure,1
DR9 Pex Water Pipe,1
Ductile Iron Sewer Pipe,1
Fire Hydrant Assembly,1
Fire Water Line (Section 331116),1
Gate Valve (Section 331116),1
Manhole and Catch Basin Adjustment,1
McBride Slough Intake Structure,1
Modifications to Existing Wet Well,1
Pipe Zone and Bedding Material,1
Pump Station (Section 334213),1
Pump Station Electrical Equipment Installation (Section 334213),1
Removal of Existing Lid from Stormwater Treatment Vault,1
"Removal of Existing Storm Pipe, Manholes, Pumps, Valves, Hangers, Vaults, and Brackets",1
Remove and Reinstall 12-Inch Ductile Iron Pipe,1
Remove and Reinstall Catch Basin,1
Septic Tank and Drain Field Removal,1
Sewer Pipe,1
Storm Sewer (Force Main) Pipe,1
Storm Sewer Pipe (RCP),1
Stormwater Flow Through Pollution Reduction Facility,1
Stormwater Pump Station,1
"Stormwater Pump Station, Electrical Equipment Installation (Section 334213)",1
Stormwater Treatment Vault Cover,1
Stormwater Treatment Vaults,1
Stormwater Valve Vault (Section 334213),1
Underground Fire Hydrant (Section 331116),1
OTHER_REVIEW,87
UNCLASSIFIED_REVIEW,87
#REF!,1
0,1
Adjustment of Existing Structures (H-20 Rated Vaults),1
Aircraft - Rated Electrical Vaults,1
Airfield Fire Water Disconnection,1
Barge and Access Equipment,1
Bollard,1
Bollards,1
Central Water Meter Vault and Manifold,1
Chain - Link Slatted Fence Fabric,1
Compacted Bedding Material,1
Concrete Walks,1
Connection to Existing Utility,1
Containment,1
Corrugated Metal Riser,1
Crack Seal,1
Deck Crack Repair,1
Deck Delamination and Spall Repair,1
Deck Delamination and Spall Repair with Anodes,1
Deck Surface Repair,1
Deck Surface Repair with Cathodic Protection,1
Deck Topping Repair,1
Deck Topping Replacement,1
Electric Utility Meter Base - 200A Direct,1
Electrical,1
Electrical Bedding Material,1
Electrical Demo (Existing ORANG),1
Electrical Feeder Conductor Assembly,1
Electrical Feeder Conductor Termination and Testing,1
Electrical Feeder Installation in Vaults,1
Electrical Modifications,1
Embankment,1
Encasement Over Existing Waterlin,1
"Fill Material, Top Soil",1
H-20 Traffic - Rated Electrical Vaults,1
H-Frame Support,1
"HDPE Interduct (Comm) - 1 1/4""",1
Hand Rail,1
Inlet (Type PB),1
Kennedy Feeder Pad - Mount Switch,1
Kennedy Feeder Point-of-Service Access Pad,1
Landside Utility Disconnections,1
Metalizing Repairs,1
Metalizing System at Edge Beams,1
Metered Switchgear Installation,1
Mini - Power Zone,1
Miscellaneous Removals and Backfill,1
Mulch,1
Offsite Haul and Disposal,1
"Panelboard - 240/120V, 100A, 1-Phase, NEMA 3R",1
"Panelboard - 480Y/277V, 100A, 3-Phase, NEMA 3R",1
Pile Crack Repair,1
Pile Spall Repair,1
Reduced Pressure Backflow Assembly and Enclosure,1
Reduced Pressure Detector Assembly and Enclosure,1
Reinforced Concrete Pad,1
Shoring,1
Signal Modification,1
Site Preparation,1
Soffit and Vertical Crack Repair,1
Soffit and Vertical Face Delamination and Spall Repair,1
Soffit and Vertical Face Delamination and Spall Repair with Anodes,1
Stabilized Construction Entrance,1
Storm Culvert,1
Subdrains,1
Subgrade Preparation,1
Tack Coat,1
Trenchless Installation,1
Trestle Cross - Brace Rehabilitation,1
Two 6-Inch Conduits by Directional Drilling Method,1
Utility Adjustments to Grade,1
Valley Gutter,1
Vault (Comm),1
Vault (Comm) - 444-LA (Traffic Rated),1
Vault (Power),1
Vault (Power) - 575-TRANS - PCORP,1
Vault (Power) - 712-SWITCH - PCORP,1
Vault (Power) - 776-TRANS - PCORP,1
Vault (Power) - 776-TRANS - PCORP (Traffic Rated),1
Vehicle Detection Loops,1
Water Meter,1
Water Well Decommission,1
XHHW Conductor - #10 AWG (Power),1
XHHW Conductor - #12 AWG (Power),1
XHHW Conductor - #3 AWG (Power),1
XHHW Conductor - #6 AWG (Power),1
XHHW Conductor - #8 AWG (Power),1
LANDSCAPE_ENVIRONMENTAL,51
LANDSCAPING_REVEGETATION,51
Seeding (Item T-901),7
Area Seeding,6
"Temporary Erosion, Sediment, and Pollution Control",5
Clearing and Grubbing,3
Inlet Protection,3
Dewatering,2
One - Year Landscape Maintenance,2
Topsoil (Item T-905),2
Topsoil (Obtained on Site or Removed from Stockpile) (Item T-905),2
Topsoiling (Item T-905),2
Boulders (Section 354000),1
Clearing and Seeding,1
Ditch Protection,1
"Fill Material, Topsoil",1
Grade Control Structures (Section 354000),1
Ground Cover Planting (Section 329300),1
Irrigation Replacement,1
Irrigation Replacement (Section 328400),1
Landscape Restoration,1
"Loose Riprap, Class 50",1
RiprapOutfall (Section 354000),1
Sediment Fence,1
StreambedCobble (Section 354000),1
StreambedSediment (Section 354000),1
Temporary Erosion and Sediment Control,1
Topsoil (Furnished from Off the Site) (Item T-905),1
Tree and Plant Protection,1
DEMOLITION_REMEDIATION,39
DEMOLITION_REMEDIATION,39
Contaminated Material Excavation and Disposal (Section 026100),7
Remove Bollard - Embedded (Section 024113),3
Building Demolition (Section 024113),2
Building Slab and Foundation Removal (Section 024113),2
Site Demolition,2
Aggregate Removal and Disposal,1
Building Removal and Backfill,1
Concrete Pad Demolition and Repair,1
Concrete Removal and Backfill,1
Concrete Wall Removal,1
Concrete Winch House Removal and Backfill,1
Contaminated Material Excavation and Disposal - Wasco Landfill (Section 026100),1
Contaminated Material Excavationand Disposal (Section 026100),1
Existing Landscape Removal (Section 024113),1
Fence Fabric Removal,1
General Demolition,1
Guard Rail Removal and Replacement,1
Lead Paint Chip Removal,1
Relocate Storage Shelter (Section 024113),1
Removal of Existing or Temporary Fence (Section 024113),1
Removal of Miscellaneous Site Structures (Section 024113),1
Remove Bollard - Bolt Down (Section 024113),1
Remove Electrical Chargers (Section 024113),1
Remove and Reinstall Chain Link Fence,1
Remove and Replace Compression Seal,1
Remove and Replace Embedded Anodes,1
Surfacings Removal,1
"Utility Removal, Relocation, and Backfill",1
SITEWORK_MISC,22
FENCING_GUARDRAIL_BOLLARDS,22
Cable Retrievers (Section 111100),5
Guard Rail (Section 347115),5
Precast Concrete Wheel Stop (Section 347115),5
Bollard - Bolt Down (Section 347115),4
Chain Link Fance with Barbed Wire (Section 323113),1
Chain Link Fence with Slats and Barbed Wire (Section 323113),1
Pipe Bollards (Section 347113),1
